10f-widebody.png => 10f-widebody.png
10f.png => 10f.png
8f-drafter.png => 8f-drafter.png
Adder.png => adder.png
Airbus.png => airbus.png
Akuma.png => akuma.png
Alpha.png => alpha.png
Alphaz1.png => alphaz1.png
Ambulance.png => ambulance.png
Ardent.png => ardent.png
Asbo.png => asbo.png
Asea.png => asea.png
Asea2.png => asea2.png
Asterope.png => asterope.png
Autarch.png => autarch.png
Avarus.png => avarus.png
Bagger.png => bagger.png
Baller.png => baller.png
Baller2.png => baller2.png
Baller3.png => baller3.png
Baller4.png => baller4.png
Baller5.png => baller5.png
Baller6.png => baller6.png
Banshee.png => banshee.png
Banshee2.png => banshee2.png
Bati.png => bati.png
Bati2.png => bati2.png
Bestiagts.png => bestiagts.png
bf-injection.png => bf-injection.png
Bf400.png => bf400.png
Bfinject.png => bfinject.png
Bifta.png => bifta.png
Bison.png => bison.png
Bison2.png => bison2.png
Bison3.png => bison3.png
Bjxl.png => bjxl.png
Blade.png => blade.png
blazer-aqua.png => blazer-aqua.png
blazer-hotr.png => blazer-hotr.png
blazer-lifeg.png => blazer-lifeg.png
blazer-sport.png => blazer-sport.png
Blazer.png => blazer.png
Blista.png => blista.png
Blista2.png => blista2.png
Blista3.png => blista3.png
Bobcatxl.png => bobcatxl.png
Bodhi2.png => bodhi2.png
Brawler.png => brawler.png
Brioso.png => brioso.png
Brutus.png => brutus.png
Brutus2.png => brutus2.png
Btype.png => btype.png
Btype2.png => btype2.png
Btype3.png => btype3.png
Buccaneer.png => buccaneer.png
Buffalo.png => buffalo.png
buffalos.png => buffalos.png
Bullet.png => bullet.png
buzzard.png => buzzard.png
calicogtf.png => calicogtf.png
caracara-4x4.png => caracara-4x4.png
caracara.png => caracara.png
Carbonizzare.png => carbonizzare.png
Carbonrs.png => carbonrs.png
Casco.png => casco.png
Cavalcade.png => cavalcade.png
Cavalcade2.png => cavalcade2.png
Cheburek.png => cheburek.png
Cheetah.png => cheetah.png
Cheetah2.png => cheetah2.png
Chimera.png => chimera.png
Chino.png => chino.png
Chino2.png => chino2.png
Cliffhanger.png => cliffhanger.png
Clique.png => clique.png
Club.png => club.png
Cog55.png => cog55.png
Cog552.png => cog552.png
cogcabri.png => cogcabri.png
Cogcabrio.png => cogcabrio.png
Cognoscenti Cabrio.png => cognoscenti cabrio.png
Cognoscenti-Cabrio.png => cognoscenti-cabrio.png
comet-s2.png => comet-s2.png
Comet2.png => comet2.png
Comet3.png => comet3.png
Comet4.png => comet4.png
Comet5.png => comet5.png
conada.png => conada.png
Contender.png => contender.png
Coquette.png => coquette.png
Coquette2.png => coquette2.png
Coquette3.png => coquette3.png
Coquette4.png => coquette4.png
corsita.png => corsita.png
Cyclone.png => cyclone.png
cypher.png => cypher.png
Daemon.png => daemon.png
Daemon2.png => daemon2.png
deathbike-apo.png => deathbike-apo.png
deathbike-futureshock.png => deathbike-futureshock.png
deathbike-nightmare.png => deathbike-nightmare.png
Defiler.png => defiler.png
Deluxo.png => deluxo.png
desert-raid.png => desert-raid.png
Deveste.png => deveste.png
Deviant.png => deviant.png
diablous-custom.png => diablous-custom.png
diablous.png => diablous.png
dinghy-4.png => dinghy-4.png
dinghy-heist.png => dinghy-heist.png
dinghy-yacht-2.png => dinghy-yacht-2.png
dinghy-yacht.png => dinghy-yacht.png
Dloader.png => dloader.png
dodo.png => dodo.png
dominator.png => dominator.png
dominator2.png => dominator2.png
dominator3.png => dominator3.png
Double.png => double.png
draugur.png => draugur.png
dubsta-6x6.png => dubsta-6x6.png
Dukes.png => dukes.png
dune-buggy.png => dune-buggy.png
duster.png => duster.png
Dynasty.png => dynasty.png
Elegy.png => elegy.png
Elegy2.png => elegy2.png
Ellie.png => ellie.png
Emerus.png => emerus.png
Emperor.png => emperor.png
Enduro.png => enduro.png
Entity2.png => entity2.png
Entityxf.png => entityxf.png
Esskey.png => esskey.png
etr1.png => etr1.png
euros.png => euros.png
Everon.png => everon.png
Exemplar.png => exemplar.png
F620.png => f620.png
Faction.png => faction.png
Faction2.png => faction2.png
Fagaloa.png => fagaloa.png
faggio-mod.png => faggio-mod.png
Faggio.png => faggio.png
Fcr.png => fcr.png
fcr1000-custom.png => fcr1000-custom.png
Felon.png => felon.png
Felon2.png => felon2.png
Feltzer2.png => feltzer2.png
Feltzer3.png => feltzer3.png
Flashgt.png => flashgt.png
Fmj.png => fmj.png
Fq2.png => fq2.png
Freecrawler.png => freecrawler.png
frogger-trevor.png => frogger-trevor.png
frogger.png => frogger.png
Fugitive.png => fugitive.png
Furia.png => furia.png
Furoregt.png => furoregt.png
Fusilade.png => fusilade.png
futo-gtx.png => futo-gtx.png
Futo.png => futo.png
Gargoyle.png => gargoyle.png
Gauntlet.png => gauntlet.png
Gauntlet2.png => gauntlet2.png
Gb200.png => gb200.png
Glendale.png => glendale.png
Glendale2.png => glendale2.png
Gp1.png => gp1.png
Granger.png => granger.png
Gresley.png => gresley.png
growler.png => growler.png
Gt500.png => gt500.png
Habanero.png => habanero.png
hakuchou-drag.png => hakuchou-drag.png
Hakuchou.png => hakuchou.png
havok.png => havok.png
Hellion.png => hellion.png
Hermes.png => hermes.png
Hexer.png => hexer.png
Hotknife.png => hotknife.png
Hotring.png => hotring.png
howard-nx-25.png => howard-nx-25.png
Huntley.png => huntley.png
Hustler.png => hustler.png
Imorgon.png => imorgon.png
Impaler.png => impaler.png
Impaler2.png => impaler2.png
Impaler3.png => impaler3.png
Impaler4.png => impaler4.png
Imperator.png => imperator.png
Imperator2.png => imperator2.png
Infernus.png => infernus.png
Infernus2.png => infernus2.png
Ingot.png => ingot.png
Innovation.png => innovation.png
Intruder.png => intruder.png
Issi2.png => issi2.png
Issi3.png => issi3.png
Issi4.png => issi4.png
Issi7.png => issi7.png
itali-rsx.png => itali-rsx.png
Italigtb.png => italigtb.png
Italigtb2.png => italigtb2.png
Italigto.png => italigto.png
Jackal.png => jackal.png
Jb700.png => jb700.png
Jb7002.png => jb7002.png
jester-classic.png => jester-classic.png
jester-rr.png => jester-rr.png
Jester.png => jester.png
Jester2.png => jester2.png
jetmax.png => jetmax.png
Jugular.png => jugular.png
Kalahari.png => kalahari.png
Kamacho.png => kamacho.png
Kanjo.png => kanjo.png
Khamelion.png => khamelion.png
Komoda.png => komoda.png
Krieger.png => krieger.png
Kuruma.png => kuruma.png
kuruma2.png => kuruma2.png
Landstalker.png => landstalker.png
Landstalker2.png => landstalker2.png
Le7b.png => le7b.png
Lectro.png => lectro.png
lm87.png => lm87.png
Locust.png => locust.png
longfin.png => longfin.png
Lurcher.png => lurcher.png
luxor-deluxe.png => luxor-deluxe.png
luxor.png => luxor.png
Lynx.png => lynx.png
mallard.png => mallard.png
Mamba.png => mamba.png
mammatus.png => mammatus.png
Manana.png => manana.png
Manana2.png => manana2.png
manchez-scout.png => manchez-scout.png
manchez.png => manchez.png
marquis.png => marquis.png
Massacro.png => massacro.png
Massacro2.png => massacro2.png
maverick.png => maverick.png
mesa-merryw.png => mesa-merryw.png
mesa.png => mesa.png
Michelli.png => michelli.png
Monroe.png => monroe.png
Moonbeam.png => moonbeam.png
Nebula.png => nebula.png
Nemesis.png => nemesis.png
Neo.png => neo.png
Neon.png => neon.png
Nero.png => nero.png
Nero2.png => nero2.png
Nightblade.png => nightblade.png
Nightshade.png => nightshade.png
nimbus.png => nimbus.png
Ninef.png => ninef.png
Ninef2.png => ninef2.png
noimage.png => noimage.png
Novak.png => novak.png
Omnis.png => omnis.png
omnisegt.png => omnisegt.png
Oppressor.png => oppressor.png
Oracle2.png => oracle2.png
Osiris.png => osiris.png
Outlaw.png => outlaw.png
Panto.png => panto.png
Paragon.png => paragon.png
Paragon2.png => paragon2.png
Pariah.png => pariah.png
Patriot.png => patriot.png
Patriot2.png => patriot2.png
Pcj.png => pcj.png
Penetrator.png => penetrator.png
Penumbra.png => penumbra.png
Penumbra2.png => penumbra2.png
Peyote.png => peyote.png
Peyote2.png => peyote2.png
Pfister811.png => pfister811.png
Phoenix.png => phoenix.png
Pigalle.png => pigalle.png
porschepanemara.png => porschepanemara.png
Prairie.png => prairie.png
Premier.png => premier.png
Primo.png => primo.png
Primo2.png => primo2.png
Radi.png => radi.png
Raiden.png => raiden.png
Rancherxl.png => rancherxl.png
Rapidgt.png => rapidgt.png
Rapidgt2.png => rapidgt2.png
Rapidgt3.png => rapidgt3.png
Raptor.png => raptor.png
Ratbike.png => ratbike.png
Reaper.png => reaper.png
Rebel2.png => rebel2.png
Rebla.png => rebla.png
reever.png => reever.png
Regina.png => regina.png
remus.png => remus.png
Rentalbus.png => rentalbus.png
Retinue.png => retinue.png
Retinue2.png => retinue2.png
Revolter.png => revolter.png
Rhapsody.png => rhapsody.png
Riata.png => riata.png
rocket-voltic.png => rocket-voltic.png
Rocoto.png => rocoto.png
rt-3000.png => rt-3000.png
Ruffian.png => ruffian.png
Ruiner2.png => ruiner2.png
Ruston.png => ruston.png
S80.png => s80.png
Sabregt.png => sabregt.png
Sabregt2.png => sabregt2.png
Sadler.png => sadler.png
Sadler2.png => sadler2.png
Sanchez.png => sanchez.png
Sanctus.png => sanctus.png
sandking-swb.png => sandking-swb.png
Sandking.png => sandking.png
Savestra.png => savestra.png
Sc1.png => sc1.png
schafter-lwb.png => schafter-lwb.png
schafter-v12.png => schafter-v12.png
Schafter2.png => schafter2.png
Schlagen.png => schlagen.png
Schwarzer.png => schwarzer.png
seashark-2.png => seashark-2.png
seashark-life.png => seashark-life.png
seashark.png => seashark.png
seasparrow.png => seasparrow.png
Seminole.png => seminole.png
sentinel-classic-widebody.png => sentinel-classic-widebody.png
Sentinel2.png => sentinel2.png
Serrano.png => serrano.png
Seven70.png => seven70.png
shamal.png => shamal.png
shinobi.png => shinobi.png
Shotaro.png => shotaro.png
sm722.png => sm722.png
Sovereign.png => sovereign.png
sparrow-prp.png => sparrow-prp.png
sparrow.png => sparrow.png
Specter.png => specter.png
Specter2.png => specter2.png
speeder-yacht.png => speeder-yacht.png
speeder.png => speeder.png
squalo.png => squalo.png
Stafford.png => stafford.png
Stalion.png => stalion.png
Stalion2.png => stalion2.png
Stanier.png => stanier.png
Stinger.png => stinger.png
Stingergt.png => stingergt.png
Streiter.png => streiter.png
Stretch.png => stretch.png
Stromberg.png => stromberg.png
stryder.png => stryder.png
Sugoi.png => sugoi.png
sultan-classic.png => sultan-classic.png
Sultan.png => sultan.png
Sultan2.png => sultan2.png
Sultanrs.png => sultanrs.png
suntrap.png => suntrap.png
Superd.png => superd.png
supervolito-carbo.png => supervolito-carbo.png
supervolito.png => supervolito.png
Surano.png => surano.png
Surge.png => surge.png
swift-deluxe.png => swift-deluxe.png
swift.png => swift.png
Swinger.png => swinger.png
T20.png => t20.png
Tailgater.png => tailgater.png
Taipan.png => taipan.png
Tampa.png => tampa.png
Tempesta.png => tempesta.png
Tezeract.png => tezeract.png
Thrax.png => thrax.png
Thrust.png => thrust.png
Tigon.png => tigon.png
torero-xo.png => torero-xo.png
Torero.png => torero.png
Tornado.png => tornado.png
toro-yacht.png => toro-yacht.png
toro.png => toro.png
Toros.png => toros.png
trophy-truck.png => trophy-truck.png
tropic-yacht.png => tropic-yacht.png
tropic.png => tropic.png
tropos-rallye.png => tropos-rallye.png
turismo-r.png => turismo-r.png
tyrant.png => tyrant.png
tyrus.png => tyrus.png
v-str.png => v-str.png
vacca.png => vacca.png
vader.png => vader.png
vagner.png => vagner.png
vagrant.png => vagrant.png
vectre.png => vectre.png
velum-5seater.png => velum-5seater.png
velum.png => velum.png
verlierer.png => verlierer.png
verus.png => verus.png
vestra.png => vestra.png
vindicator.png => vindicator.png
visione.png => visione.png
volatus.png => volatus.png
voltic.png => voltic.png
vortex.png => vortex.png
winky.png => winky.png
wolfsbane.png => wolfsbane.png
x80-proto.png => x80-proto.png
xa-21.png => xa-21.png
yosemite-rancher.png => yosemite-rancher.png
zentorno.png => zentorno.png
zombie-bobber.png => zombie-bobber.png
zombie-chopper.png => zombie-chopper.png
zorrusso.png => zorrusso.png
zr350.png => zr350.png